Cluster,Age,Spending Score (1-100)
0,47.13888889,46.44444444
1,30.140625,80.15625
2,24.13157895,41.84210526
3,45.43902439,15.53658537
4,64.95238095,48.14285714
